"location_id,place_name,city,latitude,longitude,crime_rate,lighting_score,population_density,police_distance_km,safety_score"
"1,Connaught Place,Delhi,28.6315,77.2167,4.2,8.5,9.0,0.8,82"
"2,Karol Bagh,Delhi,28.6519,77.1909,5.1,7.0,8.5,1.1,71"
"3,Saket,Delhi,28.5245,77.2066,3.2,8.8,7.5,0.9,84"
"4,Dwarka,Delhi,28.5921,77.0460,2.8,8.2,7.0,1.2,80"
"5,Chandni Chowk,Delhi,28.6506,77.2303,6.8,6.0,9.5,0.7,65"
"6,Bandra,Mumbai,19.0596,72.8295,3.9,8.7,8.0,1.0,83"
"7,Andheri,Mumbai,19.1136,72.8697,4.5,7.8,8.5,1.3,75"
"8,Colaba,Mumbai,18.9067,72.8147,2.7,9.1,7.5,0.6,88"
"9,Malad,Mumbai,19.1864,72.8486,4.8,7.5,8.0,1.4,73"
"10,Powai,Mumbai,19.1197,72.9057,3.1,8.9,7.2,1.2,85"
"11,Whitefield,Bangalore,12.9698,77.7500,3.6,8.4,7.8,1.1,82"
"12,Indiranagar,Bangalore,12.9719,77.6412,2.9,9.0,7.0,0.9,86"
"13,Electronic City,Bangalore,12.8456,77.6603,3.8,8.1,7.5,1.3,80"
"14,Marathahalli,Bangalore,12.9591,77.6974,4.4,7.6,8.2,1.5,74"
"15,Yelahanka,Bangalore,13.1007,77.5963,2.5,8.8,6.8,1.4,84"
"16,Navrangpura,Ahmedabad,23.0368,72.5618,3.7,8.2,7.4,1.2,81"
"17,Vastrapur,Ahmedabad,23.0395,72.5303,2.9,8.7,7.2,1.0,85"
"18,Maninagar,Ahmedabad,22.9976,72.5993,4.6,7.4,7.9,1.5,73"
"19,Bopal,Ahmedabad,23.0303,72.4630,3.1,8.5,6.9,1.6,82"
"20,Thaltej,Ahmedabad,23.0497,72.5126,2.8,8.9,6.8,1.3,86"
"21,Banjara Hills,Hyderabad,17.4123,78.4482,3.0,9.0,7.3,0.9,87"
"22,Gachibowli,Hyderabad,17.4401,78.3489,3.4,8.4,7.1,1.2,82"
"23,Madhapur,Hyderabad,17.4485,78.3915,3.6,8.3,7.8,1.1,81"
"24,Kukatpally,Hyderabad,17.4948,78.3996,4.7,7.2,8.3,1.5,72"
"25,Secunderabad,Hyderabad,17.4399,78.4983,4.1,7.9,8.0,1.0,77"
"26,T Nagar,Chennai,13.0418,80.2341,4.3,7.8,8.6,1.1,75"
"27,Adyar,Chennai,13.0067,80.2573,3.1,8.9,7.2,1.0,86"
"28,Anna Nagar,Chennai,13.0843,80.2101,3.5,8.4,7.0,1.3,82"
"29,Velachery,Chennai,12.9815,80.2180,4.6,7.2,8.1,1.4,73"
"30,Mylapore,Chennai,13.0336,80.2697,3.2,8.6,7.4,1.0,85"
"31,Salt Lake,Kolkata,22.5867,88.4170,3.3,8.5,7.2,1.2,84"
"32,Park Street,Kolkata,22.5510,88.3520,4.2,7.9,8.3,0.9,77"
"33,Howrah,Kolkata,22.5958,88.2636,5.4,6.8,9.0,1.1,68"
"34,New Town,Kolkata,22.5752,88.4794,2.7,9.1,6.9,1.4,87"
"35,Ballygunge,Kolkata,22.5277,88.3656,3.0,8.7,7.1,1.0,85"
"36,Hinjewadi,Pune,18.5913,73.7389,3.4,8.3,7.2,1.3,82"
"37,Kothrud,Pune,18.5074,73.8077,3.7,8.1,7.5,1.2,80"
"38,Baner,Pune,18.5590,73.7868,3.1,8.6,7.0,1.4,84"
"39,Wakad,Pune,18.5995,73.7636,3.9,7.9,7.8,1.5,77"
"40,Viman Nagar,Pune,18.5679,73.9143,3.3,8.4,7.2,1.1,83"
"41,Vaishali Nagar,Jaipur,26.9115,75.7367,3.5,8.0,7.4,1.3,81"
"42,Mansarovar,Jaipur,26.8467,75.7697,3.8,7.8,7.9,1.5,78"
"43,Malviya Nagar,Jaipur,26.8506,75.8120,3.1,8.6,7.0,1.2,85"
"44,Jagatpura,Jaipur,26.8216,75.8415,3.9,7.9,7.5,1.6,77"
"45,C Scheme,Jaipur,26.9127,75.8033,2.7,8.9,6.8,1.0,87"
"46,Vesu,Surat,21.1480,72.7708,3.2,8.5,7.2,1.4,84"
"47,Adajan,Surat,21.1959,72.7933,3.8,8.0,7.6,1.3,80"
"48,Varachha,Surat,21.2175,72.8640,4.5,7.2,8.4,1.6,72"
"49,Piplod,Surat,21.1555,72.7789,3.0,8.7,7.0,1.1,86"
"50,Katargam,Surat,21.2324,72.8328,4.6,7.3,8.1,1.5,73"
"51,MG Road,Bangalore,12.9758,77.6055,3.2,8.8,7.6,0.9,86"
"52,Brigade Road,Bangalore,12.9716,77.6070,3.5,8.6,7.8,1.0,84"
"53,HSR Layout,Bangalore,12.9116,77.6474,3.8,8.1,7.5,1.3,80"
"54,Domlur,Bangalore,12.9611,77.6387,3.9,8.0,7.6,1.2,79"
"55,Ulsoor,Bangalore,12.9842,77.6200,3.4,8.3,7.4,1.1,82"
"56,Gomti Nagar,Lucknow,26.8460,81.0082,3.7,8.1,7.8,1.3,80"
"57,Hazratganj,Lucknow,26.8467,80.9462,3.5,8.4,7.9,1.0,83"
"58,Aliganj,Lucknow,26.8940,80.9450,3.9,7.9,7.6,1.4,78"
"59,Indira Nagar,Lucknow,26.8893,81.0075,3.6,8.0,7.7,1.3,79"
"60,Charbagh,Lucknow,26.8315,80.9210,4.5,7.2,8.5,1.2,73"
"61,Sector 62,Noida,28.6304,77.3732,3.4,8.5,7.5,1.1,83"
"62,Sector 18,Noida,28.5706,77.3240,3.2,8.7,7.8,0.9,85"
"63,Sector 15,Noida,28.5893,77.3100,3.6,8.3,7.6,1.0,82"
"64,Sector 50,Noida,28.5700,77.3600,3.9,7.9,7.4,1.3,78"
"65,Sector 137,Noida,28.5115,77.4085,3.7,8.1,7.3,1.2,80"
"66,Dwarka Sector 21,Delhi,28.5520,77.0563,3.3,8.6,7.5,1.0,84"
"67,RK Puram,Delhi,28.5677,77.1770,3.6,8.2,7.6,1.2,81"
"68,Mayur Vihar,Delhi,28.6091,77.2987,4.0,7.7,8.0,1.3,76"
"69,Rajouri Garden,Delhi,28.6420,77.1167,3.8,7.9,7.7,1.1,79"
"70,Preet Vihar,Delhi,28.6365,77.2926,3.7,8.0,7.6,1.2,80"
"71,Kalyani Nagar,Pune,18.5484,73.9036,3.1,8.7,7.4,1.1,85"
"72,Magarpatta,Pune,18.5167,73.9320,3.4,8.4,7.5,1.2,82"
"73,Pashan,Pune,18.5387,73.7950,3.8,8.0,7.3,1.3,79"
"74,Deccan,Pune,18.5204,73.8567,3.6,8.2,7.6,1.0,81"
"75,Kharadi,Pune,18.5512,73.9390,3.5,8.3,7.5,1.1,82"
"76,Alkapuri,Vadodara,22.3107,73.1731,3.4,8.3,7.4,1.1,82"
"77,Fatehgunj,Vadodara,22.3200,73.1880,3.7,8.0,7.5,1.3,79"
"78,Gorwa,Vadodara,22.3360,73.1910,3.9,7.8,7.6,1.4,77"
"79,Manjalpur,Vadodara,22.2760,73.1980,3.8,7.9,7.7,1.3,78"
"80,Akota,Vadodara,22.2950,73.1680,3.3,8.5,7.3,1.2,84"
"81,Sector 17,Chandigarh,30.7415,76.7821,3.2,8.8,7.4,1.0,86"
"82,Sector 22,Chandigarh,30.7333,76.7794,3.6,8.3,7.5,1.2,82"
"83,Sector 35,Chandigarh,30.7280,76.7580,3.7,8.1,7.6,1.3,80"
"84,Manimajra,Chandigarh,30.7200,76.8400,4.0,7.6,7.9,1.4,76"
"85,Zirakpur,Chandigarh,30.6425,76.8173,3.8,7.9,7.8,1.3,78"
"86,Panaji,Goa,15.4909,73.8278,3.0,8.9,7.2,1.0,87"
"87,Mapusa,Goa,15.5937,73.8081,3.4,8.5,7.3,1.2,83"
"88,Margao,Goa,15.2993,73.9700,3.6,8.2,7.5,1.3,81"
"89,Vasco da Gama,Goa,15.3958,73.8156,3.8,8.0,7.6,1.4,79"
"90,Calangute,Goa,15.5440,73.7553,3.5,8.4,7.4,1.1,83"
"91,Indore Rajwada,Indore,22.7196,75.8577,3.7,8.1,7.6,1.2,80"
"92,Vijay Nagar,Indore,22.7533,75.8937,3.4,8.3,7.5,1.1,82"
"93,Palasia,Indore,22.7255,75.8800,3.6,8.2,7.4,1.2,81"
"94,Bhawarkua,Indore,22.6920,75.8620,4.1,7.6,8.0,1.3,76"
"95,Rau,Indore,22.6400,75.8050,4.0,7.7,7.9,1.4,77"
"96,Camp,Pune,18.5196,73.8553,3.5,8.4,7.6,1.1,83"
"97,Sion,Mumbai,19.0432,72.8610,4.3,7.5,8.2,1.3,74"
"98,Chembur,Mumbai,19.0522,72.9005,3.9,7.9,8.0,1.2,78"
"99,Goregaon,Mumbai,19.1550,72.8493,4.1,7.6,8.1,1.4,75"
"100,Jogeshwari,Mumbai,19.1341,72.8480,4.4,7.4,8.3,1.5,73"
"101,Janpath,Delhi,28.6266,77.2198,3.4,8.6,7.8,0.9,84"
"102,Lajpat Nagar,Delhi,28.5677,77.2433,4.2,7.7,8.3,1.1,75"
"103,Greater Kailash,Delhi,28.5494,77.2381,3.3,8.8,7.2,1.0,86"
"104,Nehru Place,Delhi,28.5491,77.2510,3.9,8.0,7.9,1.2,79"
"105,Rohini,Delhi,28.7041,77.1025,4.1,7.8,8.1,1.3,77"
"106,Juhu,Mumbai,19.1075,72.8263,3.1,8.9,7.4,1.0,87"
"107,Versova,Mumbai,19.1375,72.8140,3.5,8.4,7.6,1.2,83"
"108,Borivali,Mumbai,19.2290,72.8570,4.0,7.9,8.0,1.3,78"
"109,Kandivali,Mumbai,19.2050,72.8510,4.2,7.7,8.1,1.4,76"
"110,Dadar,Mumbai,19.0176,72.8562,4.5,7.5,8.4,1.1,74"
"111,Jayanagar,Bangalore,12.9250,77.5938,3.2,8.7,7.3,1.0,86"
"112,Basavanagudi,Bangalore,12.9416,77.5730,3.4,8.5,7.4,1.1,84"
"113,BTM Layout,Bangalore,12.9166,77.6101,3.8,8.0,7.8,1.3,80"
"114,KR Puram,Bangalore,13.0080,77.6950,4.1,7.7,8.1,1.4,77"
"115,Hebbal,Bangalore,13.0358,77.5970,3.6,8.2,7.6,1.2,81"
"116,Satellite,Ahmedabad,23.0225,72.5200,3.2,8.6,7.3,1.1,85"
"117,Paldi,Ahmedabad,23.0120,72.5650,3.6,8.2,7.6,1.2,81"
"118,Ambawadi,Ahmedabad,23.0220,72.5500,3.4,8.3,7.5,1.1,82"
"119,Naranpura,Ahmedabad,23.0600,72.5550,3.8,8.0,7.7,1.3,79"
"120,Ghatlodia,Ahmedabad,23.0900,72.5400,4.0,7.8,7.9,1.4,77"
"121,Ameerpet,Hyderabad,17.4375,78.4483,3.7,8.1,7.6,1.2,80"
"122,Begumpet,Hyderabad,17.4448,78.4660,3.5,8.3,7.5,1.1,82"
"123,Somajiguda,Hyderabad,17.4239,78.4547,3.2,8.7,7.3,1.0,85"
"124,LB Nagar,Hyderabad,17.3500,78.5570,4.3,7.6,8.1,1.4,76"
"125,Mehdipatnam,Hyderabad,17.3950,78.4390,3.9,7.9,7.8,1.3,78"
"126,Perambur,Chennai,13.1186,80.2337,4.0,7.7,8.0,1.3,77"
"127,Tambaram,Chennai,12.9249,80.1000,3.7,8.0,7.8,1.4,79"
"128,Porur,Chennai,13.0350,80.1567,3.6,8.2,7.7,1.2,81"
"129,Ambattur,Chennai,13.0982,80.1610,4.1,7.6,8.1,1.3,76"
"130,Nungambakkam,Chennai,13.0569,80.2425,3.3,8.5,7.4,1.1,84"
"131,Dum Dum,Kolkata,22.6200,88.4200,3.8,7.9,7.8,1.3,79"
"132,Barasat,Kolkata,22.7200,88.4800,4.2,7.6,8.2,1.4,75"
"133,Behala,Kolkata,22.5000,88.3100,4.0,7.7,8.1,1.3,76"
"134,Esplanade,Kolkata,22.5650,88.3500,3.6,8.2,7.6,1.1,82"
"135,Shyambazar,Kolkata,22.6010,88.3700,3.9,7.8,7.9,1.2,78"
"136,Shivaji Nagar,Pune,18.5308,73.8470,3.4,8.3,7.5,1.1,82"
"137,Aundh,Pune,18.5580,73.8070,3.3,8.4,7.4,1.2,83"
"138,Hadapsar,Pune,18.5089,73.9260,4.1,7.7,8.0,1.3,76"
"139,Talegaon,Pune,18.7350,73.6750,3.8,7.9,7.6,1.4,78"
"140,Pimpri,Pune,18.6298,73.7997,4.0,7.8,8.0,1.3,77"
"141,Jagatpura,Jaipur,26.8216,75.8415,3.9,7.9,7.5,1.6,77"
"142,Tonk Road,Jaipur,26.8500,75.8000,3.5,8.1,7.6,1.3,81"
"143,Sodala,Jaipur,26.9000,75.7800,3.8,7.9,7.8,1.4,78"
"144,Shastri Nagar,Jaipur,26.9400,75.8000,4.1,7.6,8.0,1.5,75"
"145,Bapu Nagar,Jaipur,26.8900,75.8200,3.6,8.2,7.6,1.2,82"
"146,Udhna,Surat,21.1700,72.8300,4.3,7.5,8.2,1.4,75"
"147,Rander,Surat,21.2100,72.7900,4.0,7.8,7.9,1.3,77"
"148,Limbayat,Surat,21.1800,72.8600,4.4,7.4,8.3,1.5,73"
"149,Athwa,Surat,21.1900,72.8000,3.6,8.1,7.6,1.2,81"
"150,Parvat Patiya,Surat,21.1700,72.8700,4.2,7.6,8.1,1.4,76"
"151,Gurgaon Sector 29,Gurgaon,28.4672,77.0723,3.6,8.2,7.8,1.1,81"
"152,Golf Course Road,Gurgaon,28.4497,77.1000,3.2,8.7,7.3,1.0,85"
"153,Sohna Road,Gurgaon,28.4000,77.0400,3.8,8.0,7.7,1.3,80"
"154,Udyog Vihar,Gurgaon,28.5000,77.0900,3.9,7.9,7.9,1.4,78"
"155,DLF Phase 3,Gurgaon,28.4900,77.0950,3.5,8.3,7.5,1.2,82"
"156,Alambagh,Lucknow,26.8000,80.9000,4.2,7.5,8.2,1.3,75"
"157,Kaiserbagh,Lucknow,26.8500,80.9300,3.8,7.9,7.9,1.1,79"
"158,Chowk,Lucknow,26.8600,80.9150,4.5,7.2,8.5,1.0,72"
"159,Ashiyana,Lucknow,26.7500,80.9200,3.7,8.0,7.8,1.2,80"
"160,Rajajipuram,Lucknow,26.8500,80.8800,4.0,7.7,8.0,1.3,77"
"161,Patliputra,Patna,25.6150,85.1200,3.9,7.8,7.9,1.2,78"
"162,Boring Road,Patna,25.6100,85.1400,3.6,8.1,7.7,1.1,81"
"163,Kankarbagh,Patna,25.5900,85.1600,4.2,7.6,8.2,1.3,75"
"164,Danapur,Patna,25.6300,85.0500,4.0,7.7,8.1,1.4,76"
"165,Gandhi Maidan,Patna,25.6200,85.1400,3.5,8.3,7.6,1.0,83"
"166,Sector 15,Faridabad,28.4089,77.3178,3.7,8.0,7.8,1.2,80"
"167,Sector 21,Faridabad,28.4167,77.3000,3.9,7.9,7.9,1.3,78"
"168,Sector 37,Faridabad,28.4000,77.3200,4.1,7.6,8.1,1.4,76"
"169,Old Faridabad,Faridabad,28.4200,77.3100,4.3,7.4,8.2,1.5,74"
"170,Green Field Colony,Faridabad,28.4500,77.2900,3.5,8.3,7.5,1.1,82"
"171,Sector 10,Chandigarh,30.7500,76.7800,3.2,8.6,7.4,1.0,85"
"172,Sector 34,Chandigarh,30.7300,76.7700,3.6,8.2,7.6,1.1,82"
"173,Sector 43,Chandigarh,30.7100,76.7800,3.8,8.0,7.7,1.2,80"
"174,Sector 45,Chandigarh,30.7000,76.7800,4.0,7.8,7.9,1.3,78"
"175,Sector 50,Chandigarh,30.7200,76.7500,3.7,8.1,7.6,1.2,81"
"176,Katra,Varanasi,25.3100,82.9900,4.1,7.7,8.2,1.2,76"
"177,Godowlia,Varanasi,25.3105,83.0100,4.4,7.4,8.4,1.0,74"
"178,Lanka,Varanasi,25.2800,83.0000,3.8,7.9,7.8,1.3,79"
"179,Assi Ghat,Varanasi,25.2870,83.0050,3.6,8.1,7.6,1.1,81"
"180,Sigra,Varanasi,25.3200,82.9800,3.9,7.8,7.9,1.2,78"
"181,Civil Lines,Allahabad,25.4500,81.8400,3.4,8.3,7.5,1.1,83"
"182,George Town,Allahabad,25.4600,81.8500,3.6,8.1,7.7,1.2,81"
"183,Kydganj,Allahabad,25.4300,81.8300,4.1,7.6,8.0,1.3,76"
"184,Dhoomanganj,Allahabad,25.4400,81.8000,4.0,7.7,8.1,1.4,77"
"185,Bairhana,Allahabad,25.4400,81.8600,3.8,7.9,7.8,1.2,79"
"186,Aliganj,Agra,27.2000,78.0100,3.9,7.8,7.9,1.2,78"
"187,Dayal Bagh,Agra,27.2200,78.0100,3.5,8.2,7.6,1.1,82"
"188,Sikandra,Agra,27.2100,77.9500,3.8,7.9,7.7,1.3,79"
"189,Shahganj,Agra,27.1800,77.9900,4.2,7.6,8.1,1.4,76"
"190,Cantt Area,Agra,27.1600,78.0000,3.6,8.0,7.5,1.2,81"
"191,Sector 18,Ghaziabad,28.6700,77.4500,3.7,8.0,7.8,1.2,80"
"192,Indirapuram,Ghaziabad,28.6400,77.3700,3.4,8.4,7.5,1.1,83"
"193,Vasundhara,Ghaziabad,28.6600,77.3600,3.6,8.2,7.6,1.2,81"
"194,Kavi Nagar,Ghaziabad,28.6700,77.4300,3.9,7.8,7.9,1.3,78"
"195,Raj Nagar,Ghaziabad,28.6900,77.4200,3.5,8.1,7.5,1.1,82"
"196,Alkapuri,Bhopal,23.2500,77.4200,3.6,8.2,7.6,1.2,81"
"197,Arera Colony,Bhopal,23.2300,77.4200,3.4,8.4,7.5,1.1,83"
"198,Kolar Road,Bhopal,23.2000,77.4500,3.9,7.8,7.9,1.3,78"
"199,MP Nagar,Bhopal,23.2300,77.4300,3.7,8.0,7.8,1.2,80"
"200,Shahpura,Bhopal,23.2100,77.4300,3.5,8.1,7.7,1.1,82"
"201,Sector 17,Gandhinagar,23.2300,72.6500,3.3,8.5,7.3,1.1,84"
"202,Sector 21,Gandhinagar,23.2400,72.6600,3.5,8.2,7.5,1.2,82"
"203,Sector 7,Gandhinagar,23.2200,72.6400,3.6,8.1,7.6,1.3,81"
"204,Sector 11,Gandhinagar,23.2500,72.6700,3.7,8.0,7.7,1.3,80"
"205,Sector 30,Gandhinagar,23.2600,72.6900,3.9,7.8,7.8,1.4,78"
"206,City Center,Gwalior,26.2200,78.1800,3.7,8.0,7.7,1.2,80"
"207,Lashkar,Gwalior,26.2100,78.1700,3.9,7.8,7.9,1.3,78"
"208,Morar,Gwalior,26.2400,78.2000,4.0,7.7,8.0,1.4,77"
"209,Thatipur,Gwalior,26.2300,78.2100,3.8,7.9,7.8,1.3,79"
"210,Vindhyachal Nagar,Gwalior,26.2000,78.1900,3.6,8.1,7.6,1.2,81"
"211,Alwarpet,Chennai,13.0300,80.2500,3.3,8.5,7.4,1.1,84"
"212,Kodambakkam,Chennai,13.0500,80.2300,3.7,8.0,7.7,1.3,80"
"213,Guindy,Chennai,13.0100,80.2200,3.6,8.1,7.6,1.2,81"
"214,Chromepet,Chennai,12.9500,80.1500,4.1,7.6,8.1,1.4,76"
"215,Avadi,Chennai,13.1000,80.1000,4.3,7.5,8.2,1.5,75"
"216,Koramangala,Bangalore,12.9279,77.6271,3.1,8.8,7.3,1.0,87"
"217,Bellandur,Bangalore,12.9255,77.6762,3.8,8.0,7.8,1.3,80"
"218,Sarjapur,Bangalore,12.9070,77.6820,3.7,8.1,7.7,1.3,81"
"219,RT Nagar,Bangalore,13.0230,77.5940,3.9,7.8,7.9,1.4,78"
"220,Majestic,Bangalore,12.9784,77.5720,4.4,7.4,8.4,1.2,74"
"221,Cuttack Road,Bhubaneswar,20.2800,85.8400,3.9,7.8,7.9,1.2,78"
"222,Nayapalli,Bhubaneswar,20.3000,85.8200,3.6,8.1,7.7,1.1,81"
"223,Patia,Bhubaneswar,20.3500,85.8200,3.4,8.3,7.6,1.2,82"
"224,Khandagiri,Bhubaneswar,20.2500,85.7800,3.8,7.9,7.8,1.3,79"
"225,Jaydev Vihar,Bhubaneswar,20.3000,85.8300,3.5,8.2,7.6,1.1,82"
"226,Malviya Nagar,Bhopal,23.2400,77.4100,3.6,8.1,7.7,1.2,81"
"227,Habibganj,Bhopal,23.2300,77.4400,3.8,7.9,7.9,1.3,79"
"228,Ayodhya Nagar,Bhopal,23.2500,77.4600,3.9,7.8,8.0,1.3,78"
"229,Karond,Bhopal,23.3000,77.4000,4.2,7.6,8.2,1.4,76"
"230,Berasia Road,Bhopal,23.3100,77.4300,4.0,7.7,8.1,1.3,77"
"231,Gachibowli,Hyderabad,17.4401,78.3489,3.4,8.4,7.1,1.2,82"
"232,Shamshabad,Hyderabad,17.2400,78.4300,3.7,8.0,7.7,1.3,80"
"233,Uppal,Hyderabad,17.4000,78.5600,4.0,7.7,8.0,1.4,77"
"234,Dilsukhnagar,Hyderabad,17.3700,78.5200,4.2,7.5,8.2,1.3,75"
"235,Kompally,Hyderabad,17.5400,78.4800,3.8,7.9,7.8,1.4,78"
"236,Silchar Town,Silchar,24.8300,92.7800,3.9,7.8,7.9,1.2,78"
"237,Hailakandi Road,Silchar,24.8200,92.7500,4.0,7.7,8.0,1.3,77"
"238,Rangirkhari,Silchar,24.8400,92.7900,3.7,8.0,7.7,1.2,80"
"239,Ambicapatty,Silchar,24.8200,92.7800,3.8,7.9,7.8,1.2,79"
"240,Tarangapur,Silchar,24.8300,92.7700,3.6,8.1,7.6,1.1,81"
"241,Thane West,Thane,19.2183,72.9781,3.7,8.0,7.9,1.2,80"
"242,Dombivli,Thane,19.2167,73.0833,4.0,7.7,8.1,1.3,77"
"243,Kalyan,Thane,19.2403,73.1305,4.1,7.6,8.2,1.4,76"
"244,Mira Road,Thane,19.2800,72.8700,3.9,7.8,8.0,1.3,78"
"245,Bhayandar,Thane,19.2900,72.8500,3.8,7.9,7.9,1.3,79"
"246,Rajendra Nagar,Indore,22.6900,75.8600,3.7,8.0,7.7,1.2,80"
"247,Annapurna Road,Indore,22.7200,75.8500,3.8,7.9,7.8,1.3,79"
"248,Bhanwarkuan,Indore,22.6900,75.8700,4.0,7.7,8.0,1.4,77"
"249,Scheme 78,Indore,22.7600,75.9000,3.5,8.3,7.5,1.1,82"
"250,Super Corridor,Indore,22.8000,75.8800,3.4,8.4,7.4,1.0,83"
"251,Alkapuri,Kanpur,26.4700,80.3300,3.8,8.0,7.7,1.2,80"
"252,Kakadeo,Kanpur,26.4705,80.2900,4.1,7.7,8.0,1.3,77"
"253,Govind Nagar,Kanpur,26.4500,80.3100,4.0,7.8,7.9,1.3,78"
"254,Rawatpur,Kanpur,26.4800,80.2700,4.2,7.6,8.1,1.4,76"
"255,Kalyanpur,Kanpur,26.5100,80.2600,3.9,7.9,7.8,1.2,79"
"256,Cantt Area,Meerut,28.9900,77.7000,3.7,8.1,7.6,1.1,82"
"257,Shastri Nagar,Meerut,28.9700,77.7100,4.0,7.8,8.0,1.3,77"
"258,Ganga Nagar,Meerut,29.0200,77.7500,3.8,8.0,7.8,1.2,80"
"259,Partapur,Meerut,28.9600,77.6700,4.2,7.6,8.2,1.4,75"
"260,Kanker Khera,Meerut,29.0000,77.7200,3.9,7.9,7.9,1.3,78"
"261,Sector 1,Noida,28.5900,77.3100,3.6,8.2,7.6,1.2,81"
"262,Sector 3,Noida,28.5905,77.3200,3.7,8.1,7.7,1.2,80"
"263,Sector 5,Noida,28.6000,77.3300,3.8,8.0,7.8,1.3,79"
"264,Sector 7,Noida,28.6100,77.3400,3.9,7.9,7.9,1.3,78"
"265,Sector 9,Noida,28.6200,77.3500,4.0,7.8,8.0,1.4,77"
"266,Kharar,Mohali,30.7400,76.6400,3.8,7.9,7.8,1.3,79"
"267,Phase 3,Mohali,30.7100,76.7200,3.6,8.2,7.6,1.2,81"
"268,Phase 5,Mohali,30.7200,76.7100,3.5,8.3,7.5,1.1,82"
"269,Phase 7,Mohali,30.7300,76.7200,3.7,8.1,7.7,1.2,80"
"270,Aerocity,Mohali,30.6700,76.7200,3.4,8.4,7.4,1.0,84"
"271,Sector 4,Panchkula,30.6900,76.8500,3.6,8.1,7.6,1.2,81"
"272,Sector 8,Panchkula,30.7000,76.8600,3.5,8.3,7.5,1.1,83"
"273,Sector 10,Panchkula,30.7100,76.8700,3.4,8.4,7.4,1.0,84"
"274,Sector 12,Panchkula,30.7200,76.8800,3.6,8.1,7.6,1.2,81"
"275,Sector 15,Panchkula,30.7300,76.8900,3.8,7.9,7.8,1.3,79"
"276,Civil Lines,Ranchi,23.3600,85.3200,3.7,8.1,7.7,1.2,80"
"277,Lalpur,Ranchi,23.3700,85.3300,3.9,7.9,7.9,1.3,78"
"278,Kanke Road,Ranchi,23.3800,85.3100,3.6,8.2,7.6,1.2,81"
"279,Harmu,Ranchi,23.3500,85.3000,3.8,8.0,7.8,1.3,79"
"280,Doranda,Ranchi,23.3400,85.3300,4.0,7.7,8.0,1.4,76"
"281,Gandhi Nagar,Nagpur,21.1500,79.0900,3.7,8.0,7.7,1.2,80"
"282,Dharampeth,Nagpur,21.1400,79.0600,3.6,8.2,7.6,1.1,82"
"283,Sadar,Nagpur,21.1500,79.0800,3.8,7.9,7.8,1.3,79"
"284,Manish Nagar,Nagpur,21.1100,79.0500,4.0,7.7,8.0,1.3,77"
"285,Hingna,Nagpur,21.0900,78.9700,4.1,7.6,8.1,1.4,76"
"286,Aliganj,Bareilly,28.3600,79.4200,3.8,7.9,7.8,1.2,79"
"287,Delapeer,Bareilly,28.3500,79.4300,3.7,8.0,7.7,1.2,80"
"288,Izzatnagar,Bareilly,28.3700,79.4500,3.9,7.8,7.9,1.3,78"
"289,Pilibhit Road,Bareilly,28.3800,79.4700,4.0,7.7,8.0,1.4,77"
"290,Kargaina,Bareilly,28.3400,79.4400,4.2,7.5,8.1,1.5,75"
"291,Telibandha,Raipur,21.2400,81.6600,3.7,8.1,7.6,1.2,81"
"292,Pandri,Raipur,21.2500,81.6400,3.8,8.0,7.7,1.2,80"
"293,Shankar Nagar,Raipur,21.2600,81.6500,3.6,8.2,7.6,1.1,82"
"294,Devendra Nagar,Raipur,21.2400,81.6300,3.9,7.9,7.9,1.3,78"
"295,Mowa,Raipur,21.2700,81.6700,4.0,7.8,8.0,1.3,77"
"296,Beltola,Guwahati,26.1100,91.7900,3.8,8.0,7.8,1.2,80"
"297,Dispur,Guwahati,26.1400,91.8000,3.6,8.2,7.6,1.1,82"
"298,Khanapara,Guwahati,26.1200,91.8200,3.9,7.9,7.9,1.3,78"
"299,Paltan Bazaar,Guwahati,26.1800,91.7500,4.2,7.6,8.1,1.4,75"
"300,Maligaon,Guwahati,26.1600,91.7000,4.1,7.7,8.0,1.3,76"
"301,Pan Bazaar,Guwahati,26.1860,91.7500,3.8,8.0,7.8,1.2,80"
"302,Uzan Bazar,Guwahati,26.1920,91.7600,3.6,8.2,7.6,1.1,82"
"303,Chandmari,Guwahati,26.1830,91.7700,3.7,8.1,7.7,1.2,81"
"304,Silpukhuri,Guwahati,26.1900,91.7700,3.9,7.9,7.9,1.3,78"
"305,Noonmati,Guwahati,26.1700,91.8000,4.0,7.8,8.0,1.4,77"
"306,Anna Salai,Chennai,13.0600,80.2700,3.5,8.4,7.5,1.1,83"
"307,Triplicane,Chennai,13.0605,80.2800,3.8,8.0,7.8,1.2,80"
"308,Egmore,Chennai,13.0730,80.2600,3.6,8.2,7.6,1.1,82"
"309,Washermanpet,Chennai,13.1100,80.2900,4.2,7.6,8.1,1.3,75"
"310,Tondiarpet,Chennai,13.1200,80.3000,4.1,7.7,8.0,1.3,76"
"311,Santacruz,Mumbai,19.0810,72.8410,3.7,8.0,7.8,1.2,80"
"312,Kurla,Mumbai,19.0728,72.8826,4.3,7.5,8.2,1.4,74"
"313,Ghatkopar,Mumbai,19.0850,72.9080,3.9,7.9,7.9,1.3,78"
"314,Vikhroli,Mumbai,19.1000,72.9200,3.8,8.0,7.8,1.2,79"
"315,Mulund,Mumbai,19.1700,72.9600,3.6,8.2,7.6,1.1,82"
"316,Patto,Panaji,15.4950,73.8280,3.4,8.5,7.4,1.1,84"
"317,Dona Paula,Panaji,15.4620,73.8050,3.3,8.6,7.3,1.0,85"
"318,Miramar,Panaji,15.4800,73.8070,3.2,8.7,7.2,1.0,86"
"319,Campal,Panaji,15.4900,73.8150,3.5,8.3,7.5,1.1,83"
"320,Altinho,Panaji,15.5000,73.8300,3.6,8.2,7.6,1.2,82"
"321,Model Town,Ludhiana,30.9000,75.8500,3.7,8.0,7.7,1.2,80"
"322,Sarabha Nagar,Ludhiana,30.8900,75.8300,3.5,8.2,7.5,1.1,82"
"323,Dugri,Ludhiana,30.8800,75.8600,3.8,7.9,7.8,1.3,79"
"324,Ferozepur Road,Ludhiana,30.8700,75.8400,3.9,7.8,7.9,1.3,78"
"325,Haibowal,Ludhiana,30.9100,75.8200,4.0,7.7,8.0,1.4,77"
"326,Civil Lines,Jabalpur,23.1700,79.9300,3.6,8.1,7.6,1.2,81"
"327,Napier Town,Jabalpur,23.1800,79.9400,3.7,8.0,7.7,1.2,80"
"328,Wright Town,Jabalpur,23.1750,79.9500,3.8,7.9,7.8,1.3,79"
"329,Gorakhpur,Jabalpur,23.1900,79.9200,4.0,7.7,8.0,1.3,77"
"330,Adhartal,Jabalpur,23.2100,79.9600,4.1,7.6,8.1,1.4,76"
"331,Sector 9,Bhilai,21.2000,81.3800,3.7,8.0,7.7,1.2,80"
"332,Sector 6,Bhilai,21.1900,81.3700,3.6,8.1,7.6,1.1,82"
"333,Sector 10,Bhilai,21.2100,81.3900,3.8,7.9,7.8,1.3,79"
"334,Sector 4,Bhilai,21.1800,81.3600,3.9,7.8,7.9,1.3,78"
"335,Sector 2,Bhilai,21.1700,81.3500,4.0,7.7,8.0,1.4,77"
"336,Jagdalpur Center,Jagdalpur,19.0800,82.0300,3.8,7.9,7.8,1.2,79"
"337,Adawal,Jagdalpur,19.0700,82.0200,3.7,8.0,7.7,1.2,80"
"338,Kumharpara,Jagdalpur,19.0600,82.0100,3.9,7.8,7.9,1.3,78"
"339,Dharampura,Jagdalpur,19.0500,82.0000,4.0,7.7,8.0,1.3,77"
"340,Tokapal Road,Jagdalpur,19.0400,82.0400,4.1,7.6,8.1,1.4,76"
"341,Cantt Area,Dehradun,30.3200,78.0400,3.6,8.2,7.6,1.1,82"
"342,Rajpur Road,Dehradun,30.3300,78.0500,3.5,8.3,7.5,1.1,83"
"343,Prem Nagar,Dehradun,30.3400,78.0700,3.8,7.9,7.8,1.3,79"
"344,Patel Nagar,Dehradun,30.3100,78.0300,3.9,7.8,7.9,1.3,78"
"345,Ballupur,Dehradun,30.3000,78.0200,4.0,7.7,8.0,1.4,77"
"346,Banjara Hills Road 12,Hyderabad,17.4200,78.4400,3.3,8.7,7.3,1.0,86"
"347,Film Nagar,Hyderabad,17.4100,78.4300,3.4,8.5,7.4,1.1,84"
"348,Tolichowki,Hyderabad,17.4000,78.4200,3.9,7.9,7.9,1.3,78"
"349,Narsingi,Hyderabad,17.3800,78.3500,3.7,8.1,7.7,1.2,81"
"350,Kondapur,Hyderabad,17.4600,78.3700,3.6,8.2,7.6,1.1,82"
"351,Palam Vihar,Gurgaon,28.5000,77.0500,3.7,8.0,7.7,1.2,80"
"352,South City,Gurgaon,28.4400,77.0700,3.5,8.2,7.5,1.1,82"
"353,MG Road,Gurgaon,28.4700,77.0800,3.6,8.1,7.6,1.2,81"
"354,DLF Phase 1,Gurgaon,28.4800,77.0900,3.4,8.3,7.4,1.1,83"
"355,DLF Phase 4,Gurgaon,28.4700,77.1000,3.3,8.5,7.3,1.0,85"
"356,Sector 22,Dwarka,Delhi,28.5600,77.0500,3.6,8.2,7.6,1.1,82"
"357,Sector 10,Dwarka,Delhi,28.5800,77.0600,3.7,8.1,7.7,1.2,81"
"358,Sector 5,Dwarka,Delhi,28.5900,77.0700,3.8,8.0,7.8,1.3,80"
"359,Sector 3,Dwarka,Delhi,28.6000,77.0800,3.9,7.9,7.9,1.3,79"
"360,Sector 1,Dwarka,Delhi,28.6100,77.0900,4.0,7.8,8.0,1.4,78"
"361,Ajmer Road,Jaipur,26.9200,75.7700,3.7,8.0,7.7,1.2,80"
"362,MI Road,Jaipur,26.9205,75.8000,3.6,8.2,7.6,1.1,82"
"363,Raja Park,Jaipur,26.9000,75.8200,3.8,7.9,7.8,1.3,79"
"364,Jawahar Nagar,Jaipur,26.8800,75.8200,3.9,7.8,7.9,1.3,78"
"365,Sanganer,Jaipur,26.8200,75.7800,4.1,7.6,8.1,1.4,76"
"366,Station Road,Indore,22.7200,75.8600,3.7,8.0,7.7,1.2,80"
"367,Bapat Square,Indore,22.7400,75.8700,3.6,8.2,7.6,1.1,82"
"368,Sudama Nagar,Indore,22.7000,75.8400,3.8,7.9,7.8,1.3,79"
"369,Nipania,Indore,22.7600,75.9100,3.5,8.3,7.5,1.1,83"
"370,Lasudia,Indore,22.7800,75.9000,3.4,8.4,7.4,1.0,84"
"371,Civil Lines,Nagpur,21.1500,79.0800,3.7,8.0,7.7,1.2,80"
"372,Ramdaspeth,Nagpur,21.1400,79.0700,3.6,8.2,7.6,1.1,82"
"373,Itwari,Nagpur,21.1500,79.1100,3.9,7.8,7.9,1.3,78"
"374,Jaripatka,Nagpur,21.1600,79.1000,4.0,7.7,8.0,1.3,77"
"375,Wadi,Nagpur,21.1700,79.0400,4.1,7.6,8.1,1.4,76"
"376,Kharavel Nagar,Bhubaneswar,20.2900,85.8300,3.6,8.2,7.6,1.1,82"
"377,Sahid Nagar,Bhubaneswar,20.3000,85.8500,3.7,8.1,7.7,1.2,81"
"378,Old Town,Bhubaneswar,20.2400,85.8400,3.9,7.8,7.9,1.3,78"
"379,Chandrasekharpur,Bhubaneswar,20.3300,85.8200,3.5,8.3,7.5,1.1,83"
"380,Sundarpada,Bhubaneswar,20.2700,85.7800,4.0,7.7,8.0,1.4,77"
"381,Civil Lines,Kanpur,26.4800,80.3400,3.7,8.0,7.7,1.2,80"
"382,Swaroop Nagar,Kanpur,26.4900,80.3300,3.6,8.2,7.6,1.1,82"
"383,Shyam Nagar,Kanpur,26.4500,80.3000,3.8,7.9,7.8,1.3,79"
"384,Barra,Kanpur,26.4200,80.2800,4.0,7.7,8.0,1.4,77"
"385,Naubasta,Kanpur,26.4100,80.2600,4.2,7.6,8.1,1.5,75"
"386,Clock Tower,Lucknow,26.8600,80.9100,3.9,7.8,7.9,1.3,78"
"387,Aminabad,Lucknow,26.8500,80.9200,4.1,7.6,8.1,1.4,76"
"388,Charbagh Station,Lucknow,26.8300,80.9200,4.2,7.5,8.2,1.4,75"
"389,Chinhat,Lucknow,26.8700,81.0400,3.8,7.9,7.8,1.3,79"
"390,Kursi Road,Lucknow,26.9000,80.9600,3.7,8.0,7.7,1.2,80"
"391,Sector 62,Noida,28.6304,77.3732,3.4,8.5,7.5,1.1,83"
"392,Sector 76,Noida,28.5800,77.4000,3.6,8.2,7.6,1.2,81"
"393,Sector 120,Noida,28.6000,77.4100,3.7,8.1,7.7,1.2,80"
"394,Sector 135,Noida,28.5200,77.4100,3.5,8.3,7.5,1.1,82"
"395,Sector 168,Noida,28.5100,77.4200,3.6,8.2,7.6,1.1,82"
"396,Shivaji Nagar,Pune,18.5308,73.8470,3.4,8.3,7.5,1.1,82"
"397,Aundh,Pune,18.5580,73.8070,3.3,8.4,7.4,1.2,83"
"398,Pimple Saudagar,Pune,18.6000,73.8000,3.7,8.0,7.7,1.3,80"
"399,Bavdhan,Pune,18.5200,73.7800,3.6,8.2,7.6,1.1,82"
"400,Talawade,Pune,18.6800,73.7800,3.8,7.9,7.8,1.3,79"
"401,Katraj,Pune,18.4529,73.8652,3.9,7.9,7.8,1.3,79"
"402,Narhe,Pune,18.4580,73.8230,4.0,7.8,8.0,1.3,77"
"403,Dhayari,Pune,18.4470,73.8140,3.8,8.0,7.7,1.2,80"
"404,Wanowrie,Pune,18.4970,73.8990,3.6,8.2,7.6,1.1,82"
"405,NIBM Road,Pune,18.4810,73.9020,3.5,8.3,7.5,1.1,83"
"406,Shalimar Bagh,Delhi,28.7146,77.1594,3.7,8.0,7.7,1.2,80"
"407,Janakpuri,Delhi,28.6219,77.0871,3.6,8.2,7.6,1.1,82"
"408,Paschim Vihar,Delhi,28.6692,77.1046,3.9,7.8,7.9,1.3,78"
"409,Pitampura,Delhi,28.6980,77.1340,3.5,8.3,7.5,1.1,83"
"410,Shahdara,Delhi,28.6735,77.2890,4.2,7.6,8.1,1.4,75"
"411,Vashi,Navi Mumbai,19.0760,73.0000,3.6,8.2,7.6,1.1,82"
"412,Nerul,Navi Mumbai,19.0330,73.0297,3.5,8.3,7.5,1.1,83"
"413,Belapur,Navi Mumbai,19.0150,73.0400,3.4,8.4,7.4,1.0,84"
"414,Kharghar,Navi Mumbai,19.0473,73.0690,3.7,8.0,7.7,1.2,80"
"415,Airoli,Navi Mumbai,19.1500,72.9900,3.8,7.9,7.8,1.3,79"
"416,Panvel,Navi Mumbai,18.9900,73.1100,3.9,7.8,7.9,1.3,78"
"417,Ulwe,Navi Mumbai,18.9800,73.0200,3.6,8.2,7.6,1.1,82"
"418,Turbhe,Navi Mumbai,19.0600,73.0200,4.0,7.7,8.0,1.3,77"
"419,Ghansoli,Navi Mumbai,19.1200,72.9900,3.7,8.0,7.7,1.2,80"
"420,Kopar Khairane,Navi Mumbai,19.1000,73.0000,3.6,8.1,7.6,1.2,81"
"421,Civil Lines,Ajmer,26.4500,74.6400,3.6,8.1,7.6,1.1,82"
"422,Vaishali Nagar,Ajmer,26.4700,74.6300,3.8,7.9,7.8,1.3,79"
"423,Adarsh Nagar,Ajmer,26.4400,74.6500,3.7,8.0,7.7,1.2,80"
"424,Pushkar Road,Ajmer,26.4700,74.5600,3.9,7.8,7.9,1.3,78"
"425,Madar Gate,Ajmer,26.4500,74.6300,4.0,7.7,8.0,1.4,77"
"426,Civil Lines,Aligarh,27.8800,78.0700,3.7,8.0,7.7,1.2,80"
"427,Center Point,Aligarh,27.8900,78.0800,3.8,7.9,7.8,1.3,79"
"428,Quarsi,Aligarh,27.9000,78.0900,3.9,7.8,7.9,1.3,78"
"429,Jamia Nagar,Aligarh,27.8800,78.0600,4.1,7.6,8.1,1.4,76"
"430,Ramghat Road,Aligarh,27.9100,78.1000,3.6,8.2,7.6,1.1,82"
"431,Sector 14,Faridabad,28.4100,77.3000,3.6,8.2,7.6,1.1,82"
"432,Sector 16,Faridabad,28.4000,77.3100,3.7,8.0,7.7,1.2,80"
"433,Sector 19,Faridabad,28.3900,77.3200,3.8,7.9,7.8,1.3,79"
"434,Sector 28,Faridabad,28.4200,77.3300,3.9,7.8,7.9,1.3,78"
"435,Sector 31,Faridabad,28.4300,77.3400,4.0,7.7,8.0,1.4,77"
"436,Clock Tower,Dehradun,30.3250,78.0410,3.6,8.2,7.6,1.1,82"
"437,ISBT Area,Dehradun,30.3100,78.0300,3.7,8.1,7.7,1.2,80"
"438,Sahastradhara Road,Dehradun,30.3600,78.0700,3.5,8.3,7.5,1.1,83"
"439,Jakhan,Dehradun,30.3500,78.0600,3.8,7.9,7.8,1.3,79"
"440,Clement Town,Dehradun,30.2800,78.0200,4.0,7.7,8.0,1.4,77"
"441,Cantt Area,Amritsar,31.6300,74.8600,3.7,8.0,7.7,1.2,80"
"442,Ranjit Avenue,Amritsar,31.6400,74.8700,3.5,8.2,7.5,1.1,82"
"443,Lawrence Road,Amritsar,31.6300,74.8800,3.6,8.1,7.6,1.1,81"
"444,Putlighar,Amritsar,31.6200,74.8600,3.8,7.9,7.8,1.3,79"
"445,Batala Road,Amritsar,31.6500,74.8700,3.9,7.8,7.9,1.3,78"
"446,Civil Lines,Jodhpur,26.2800,73.0200,3.7,8.0,7.7,1.2,80"
"447,Shastri Nagar,Jodhpur,26.2900,73.0300,3.6,8.2,7.6,1.1,82"
"448,Sardarpura,Jodhpur,26.2700,73.0100,3.5,8.3,7.5,1.1,83"
"449,Paota,Jodhpur,26.3000,73.0400,3.8,7.9,7.8,1.3,79"
"450,Basni,Jodhpur,26.2400,73.0200,4.0,7.7,8.0,1.4,77"
"451,Civil Lines,Kota,25.1800,75.8300,3.6,8.1,7.6,1.1,82"
"452,Talwandi,Kota,25.1600,75.8500,3.7,8.0,7.7,1.2,80"
"453,Kunhari,Kota,25.2000,75.8700,3.8,7.9,7.8,1.3,79"
"454,Anantpura,Kota,25.1500,75.8200,3.9,7.8,7.9,1.3,78"
"455,Dadabari,Kota,25.1700,75.8100,4.0,7.7,8.0,1.4,77"
"456,Gandhi Nagar,Bikaner,28.0200,73.3100,3.7,8.0,7.7,1.2,80"
"457,Pawanpuri,Bikaner,28.0300,73.3200,3.6,8.2,7.6,1.1,82"
"458,Mukta Prasad,Bikaner,28.0100,73.3000,3.8,7.9,7.8,1.3,79"
"459,Rani Bazar,Bikaner,28.0000,73.3100,3.9,7.8,7.9,1.3,78"
"460,Napasar,Bikaner,27.9800,73.3300,4.0,7.7,8.0,1.4,77"
"461,Gandhi Chowk,Udaipur,24.5800,73.6900,3.6,8.1,7.6,1.1,82"
"462,Hiran Magri,Udaipur,24.6000,73.7200,3.7,8.0,7.7,1.2,80"
"463,Fatehpura,Udaipur,24.5900,73.7000,3.8,7.9,7.8,1.3,79"
"464,Sector 11,Udaipur,24.6100,73.7100,3.5,8.3,7.5,1.1,83"
"465,Bhuwana,Udaipur,24.6200,73.7400,3.9,7.8,7.9,1.3,78"
"466,Cantt Area,Siliguri,26.7200,88.4200,3.7,8.0,7.7,1.2,80"
"467,Pradhan Nagar,Siliguri,26.7100,88.4300,3.6,8.2,7.6,1.1,82"
"468,Sevoke Road,Siliguri,26.7300,88.4400,3.8,7.9,7.8,1.3,79"
"469,Matigara,Siliguri,26.7000,88.4000,3.9,7.8,7.9,1.3,78"
"470,Bagdogra,Siliguri,26.6900,88.3200,4.0,7.7,8.0,1.4,77"
"471,Civil Lines,Gorakhpur,26.7600,83.3700,3.6,8.1,7.6,1.1,82"
"472,Rapti Nagar,Gorakhpur,26.7700,83.3800,3.7,8.0,7.7,1.2,80"
"473,Basharatpur,Gorakhpur,26.7500,83.3600,3.8,7.9,7.8,1.3,79"
"474,Mohaddipur,Gorakhpur,26.7800,83.3900,3.9,7.8,7.9,1.3,78"
"475,Padri Bazar,Gorakhpur,26.7400,83.3500,4.0,7.7,8.0,1.4,77"
"476,MG Road,Vijayawada,16.5062,80.6480,3.6,8.2,7.6,1.1,82"
"477,Benz Circle,Vijayawada,16.4980,80.6670,3.7,8.0,7.7,1.2,80"
"478,Auto Nagar,Vijayawada,16.5200,80.6900,3.8,7.9,7.8,1.3,79"
"479,Gunadala,Vijayawada,16.5000,80.6700,3.9,7.8,7.9,1.3,78"
"480,Patamata,Vijayawada,16.5100,80.6600,3.5,8.3,7.5,1.1,83"
"481,Dwaraka Nagar,Vizag,17.7300,83.3100,3.6,8.2,7.6,1.1,82"
"482,MVP Colony,Vizag,17.7400,83.3300,3.7,8.0,7.7,1.2,80"
"483,Gajuwaka,Vizag,17.6900,83.2100,3.9,7.8,7.9,1.3,78"
"484,NAD Junction,Vizag,17.7200,83.2600,3.8,7.9,7.8,1.3,79"
"485,Bheemunipatnam,Vizag,17.8900,83.4500,3.5,8.3,7.5,1.1,83"
"486,Sector 22,Gandhinagar,23.2400,72.6600,3.6,8.2,7.6,1.1,82"
"487,Sector 23,Gandhinagar,23.2500,72.6700,3.7,8.0,7.7,1.2,80"
"488,Sector 24,Gandhinagar,23.2600,72.6800,3.8,7.9,7.8,1.3,79"
"489,Sector 26,Gandhinagar,23.2700,72.6900,3.9,7.8,7.9,1.3,78"
"490,Sector 28,Gandhinagar,23.2800,72.7000,3.5,8.3,7.5,1.1,83"
"491,Model Town,Panipat,29.3900,76.9600,3.7,8.0,7.7,1.2,80"
"492,Tehsil Camp,Panipat,29.4000,76.9700,3.8,7.9,7.8,1.3,79"
"493,Huda Sector 13,Panipat,29.4100,76.9800,3.6,8.2,7.6,1.1,82"
"494,Industrial Area,Panipat,29.4200,76.9900,4.0,7.7,8.0,1.4,77"
"495,Babail Road,Panipat,29.4300,77.0000,3.9,7.8,7.9,1.3,78"
"496,Civil Lines,Rohtak,28.9000,76.5800,3.6,8.1,7.6,1.1,82"
"497,Model Town,Rohtak,28.8900,76.5700,3.7,8.0,7.7,1.2,80"
"498,Sector 14,Rohtak,28.8800,76.5600,3.8,7.9,7.8,1.3,79"
"499,Sector 1,Rohtak,28.8700,76.5500,3.9,7.8,7.9,1.3,78"
"500,Delhi Road,Rohtak,28.9100,76.5900,4.0,7.7,8.0,1.4,77"
